INSERT INTO PERSON (PERSON_ID, FIRST_NAME, LAST_NAME, MAIDEN_NAME, MIDDLE_NAMES, ALLIS, DOB, DOD, SEX, COD) VALUES
('CD1F881450A8', 'Dakota', 'Stephenson', Null, 'Ethel', 'Kota', '2015-03-22', NULL, 'female', NULL),
('BADF6672F5BB', 'Samuel', 'Stephenson', NULL, 'Crozier', 'Sam', '1987-11-25', NULL, 'male', NULL),
('1FAFE658530F', 'Jordan', 'Stephenson', 'Langsdale', 'Rylee', NULL, '1989-09-01', NULL, 'female', NULL),
('79610B8C186D', 'John', 'Stephenson', NULL, 'Wiliam', NULL, '1997-06-14', NULL, 'male', NULL),
('CF8ADD4B6647', 'Joyce', 'Thompson', 'Stephenson', 'Margaret Elizabeth', NULL, '1989-01-09', NULL, 'female', NULL),
('40E81BF7D187', 'Claire', 'Stephenson', NULL, 'Anne', NULL, '2002-11-26', NULL, 'female', NULL),
('7B2B438D8AD3', 'Lindsay', 'Langsdale', NULL, 'Marie', NULL, '1983-03-29', NULL, 'female', NULL),
('92CEA8EFDCE4', 'Robert', 'Thompson', NULL, 'Jonanthan', NULL, '2012-01-06', NULL, 'male', NULL),
('73C18EB1EC72', 'Bella', 'Thompson', NULL, 'Joyce', NULL, '2014-07-18', NULL, 'female', NULL),
('EC5B8BC78A9F', 'Samuel', 'Conn', NULL, 'William', NULL, '1922-08-15', '2009-08-02', 'male', NULL),
('2D67E5315E39', 'Martha', 'Conn', 'Monaghan', 'Anne', 'Anne', '1924-02-29', '2008-10-26', 'female', NULL),
('9042209D1A10', 'Judy', 'Langsdale', 'Haynes', 'Anne', NULL, '1958-05-27', NULL, 'female', NULL),
('FAF3BDF8108D', 'Margaret', 'Stephenson', 'Conn', 'Elizabeth', NULL, '1961-05-18', NULL, 'female', NULL),
('B6649F62BBB1', 'Frederick', 'Stephenson', NULL, 'Crozier','Fred', '1960-04-14', NULL, 'male', NULL),
('000000000001', 'Muriel', 'Stephenson', NULL, 'Elizabeth', NULL, '1968-04-03', NULL, 'female', NULL),
('0123456789AB', 'Mary', 'Stephenson', 'Crozier', 'Agnes', NULL, '1934-03-:01', NULL, 'female', NULL),
('010101100101', 'William', 'Stephenson', NULL, 'John', NULL, '1926-02-26', '2001-10-09', 'male', NULL),
('FABA63F00BFD', 'Wesley', 'Stephenson', NULL, NULL, NULL, '1975-03-03', NULL, 'male', NULL),
('2559AA3B50BC', 'James', 'Langsdale', NULL, 'Edgar', 'Ed', '1958-10-15', NULL, 'male', NULL),
('156119149187', 'William', 'Stephenson', NULL, 'Andrew', 'Andrew', '1956-04-16', NULL, 'male', NULL),
('AFBCED165176', 'James', 'Stephenson', NULL, 'Alexander',  'Jim', '1958-01-24', NULL, 'male', NULL),
('002001005006', 'Kenneth', 'Stephenson', NULL, 'John', 'Kenny', '1963-08-23', '1980-11-07', 'male', NULL),
('7939110BB3C2', 'William', 'Crozier', NULL, NULL, NULL, '1900-07-20', '1944-06-28', 'male', NULL),
('582016FFFAAB', 'Mary', 'Iwirin', 'Ross', 'Eveline', 'May', '1905-03-09', '1968-12-10', 'female', NULL),
('ABB000054900', 'Grace', 'Stephenson', 'Crozier', 'R', NULL, NULL, '1975-03-31', 'female', NULL),
('2156151AAAAA', 'James', 'Stephenson', NULL, 'Samuel', 'The Dary', NULL, NULL, 'male', NULL),
('B00B5AB00B5A', 'William', 'Crozier', NULL, NULL, NULL, NULL, NULL, 'male', NULL),
('0235479416FF', 'Esther', 'Crozier', 'Lockhart', 'Elizabeth', 'Lizzie', NULL, NULL, 'female', NULL),
('000000000009', 'Alexander',  'Ross', NULL, NULL, NULL, NULL, NULL, 'male', NULL),
('00A000000001', 'Agnes', 'Ross', 'Buchanan', NULL, NULL, NULL, NULL, 'female', NULL),
('89E513D4F13C', 'James', 'Langsdale', NULL, 'Neil', 'Neil', NULL, NULL, 'male', NULL),
('13C6406E1108', 'Aloisia', 'Langsdale', 'Keinbacher', NULL, NULL, NULL, NULL, 'female', NULL),
('55FF55FF5628', 'Jim', 'Crozier', NULL, 'James Graham', NULL, '1935-11-18', NULL, 'male', NULL),
('ABCDEF000000', 'Eveline', 'Crozier', 'Crozier', 'Florance', NULL, '1927-01-25', '2006-07-23', 'female', NULL),
('852852852852', 'William', 'Crozier', NULL, 'Graham', 'Graham', '1961-07-12', NULL, 'male', NULL),
('963964125651', 'Avril', 'Black', 'Crozier', 'Agnes Mary', NULL, '1964-04-03', NULL, 'female', NULL),
('65D112DABF4B', 'Robert', 'Crozier', NULL, 'Thomas', NULL, '1897-08-19', NULL, 'male', NULL),
('AABBCCDDFF00', 'Esther', 'Crozier', NULL, 'Elizabeth', 'Essie', '1899-01-07', NULL, 'female', NULL),
('BBCCC0058545', 'Agnes', 'Beggs', 'Crozier', 'Matilda', NULL, '1894-09-12', NULL, 'female', NULL),
('CCAA26669999', 'Andrew', 'Beggs', NULL, NULL, NULL, NULL, NULL, 'male', NULL),
('214566725522', 'Kenneth', 'Stephenson', NULL, 'James', 'Kenny', '1987-10-01', NULL, 'male', NULL),
('BBBBBBBBBBBB', 'Wiliam', 'Crozier', NULL, 'F', NULL, NULL, 'male', NULL),
('FFFFFFFFFFFF', 'Florence', 'Crozier', NULL, 'T', NULL, NULL, 'female', NULL);

INSERT INTO PARENT (CHILD_ID, PARENT_ID, TYPE) VALUES
('CD1F881450A8', 'BADF6672F5BB', 'father'),
('92CEA8EFDCE4', 'CF8ADD4B6647', 'mother'),
('73C18EB1EC72', 'CF8ADD4B6647', 'mother'),
('CD1F881450A8', '1FAFE658530F', 'mother'),
('BADF6672F5BB', 'FAF3BDF8108D', 'mother'),
('BADF6672F5BB', 'B6649F62BBB1', 'father'),
('79610B8C186D', 'FAF3BDF8108D', 'mother'),
('79610B8C186D', 'B6649F62BBB1', 'father'),
('CF8ADD4B6647', 'FAF3BDF8108D', 'mother'),
('CF8ADD4B6647', 'B6649F62BBB1', 'father'),
('40E81BF7D187', 'FAF3BDF8108D', 'mother'),
('40E81BF7D187', 'B6649F62BBB1', 'father'),
('1FAFE658530F', '9042209D1A10', 'mother'),
('FAF3BDF8108D', 'EC5B8BC78A9F', 'father'),
('FAF3BDF8108D', '2D67E5315E39', 'mother'),
('B6649F62BBB1', '0123456789AB', 'mother'),
('000000000001', '0123456789AB', 'mother'),
('B6649F62BBB1', '010101100101', 'father'),
('000000000001', '010101100101', 'father'),
('FABA63F00BFD', '0123456789AB', 'mother'),
('FABA63F00BFD', '010101100101', 'father'),
('1FAFE658530F', '2559AA3B50BC', 'father'),
('156119149187', '0123456789AB', 'mother'),
('156119149187', '010101100101', 'father'),
('AFBCED165176', '0123456789AB', 'mother'),
('AFBCED165176', '010101100101', 'father'),
('002001005006', '0123456789AB', 'mother'),
('002001005006', '010101100101', 'father'),
('0123456789AB', '7939110BB3C2', 'father'),
('0123456789AB', '582016FFFAAB', 'mother'),
('010101100101', 'ABB000054900', 'mother'),
('010101100101', '2156151AAAAA', 'father'),
('7939110BB3C2', 'B00B5AB00B5A', 'father'),
('7939110BB3C2', '0235479416FF', 'mother'),
('582016FFFAAB', '000000000009', 'father'),
('582016FFFAAB', '00A000000001', 'mother'),
('7B2B438D8AD3', '9042209D1A10', 'mother'),
('7B2B438D8AD3', '2559AA3B50BC', 'father'),
('2559AA3B50BC', '89E513D4F13C', 'father'),
('2559AA3B50BC', '13C6406E1108', 'mother'),
('55FF55FF5628', '582016FFFAAB', 'mother'),
('55FF55FF5628', '7939110BB3C2', 'father'),
('ABCDEF000000', '582016FFFAAB', 'mother'),
('ABCDEF000000', '7939110BB3C2', 'father'),
('852852852852', '55FF55FF5628', 'father'),
('963964125651', '55FF55FF5628', 'father'),
('65D112DABF4B', 'B00B5AB00B5A', 'father'),
('65D112DABF4B', '0235479416FF', 'mother'),
('AABBCCDDFF00', 'B00B5AB00B5A', 'father'),
('AABBCCDDFF00', '0235479416FF', 'mother'),
('BBCCC0058545', 'B00B5AB00B5A', 'father'),
('BBCCC0058545', '0235479416FF', 'mother'),
('214566725522', 'AFBCED165176', 'father'),
('ABB000054900', 'BBBBBBBBBBBB', 'father'),
('FFFFFFFFFFFF', 'BBBBBBBBBBBB', 'father');

INSERT INTO PARTNER (PERSON_1_ID, PERSON_2_ID, PLACE, DATE) VALUES
('7939110BB3C2', '582016FFFAAB', 'Kingsmill Presbyterian', '1926-02-23'),
('BBCCC0058545', 'CCAA26669999', 'Kingsmill Presbyterian', '1909-11-05');
